book_id,title,predicted_rating
45,Book Title 45,3.74503385707509
20,Book Title 20,3.7437212863199845
1,Book Title 1,3.7226918017353716
6,Book Title 6,3.6410501829593476
2,Book Title 2,3.578519408338241
