book_id,title,predicted_rating
15,Book Title 15,0.4902930725571364
30,Book Title 30,0.4689991466043494
12,Book Title 12,0.44706042069838764
28,Book Title 28,0.44142936650169473
21,Book Title 21,0.4350828640927906
